Date,Total Employees,Total Employees Not Laid Off,Active,Non Active,Laid Off,PlaceBoardCount,Available,Available Percent,TPD Revenue,TPD Bins,AWND,PGTM,PRCP,SNOW,SNWD,TAVG,TMAX,TMIN,WDF2,WDF5,WSF2,WSF5,WT01,WT02,WT03,WT06,WT08,WT09
12/1/2017,498,405,444,54,93,,351,70.48%,15,Bad,3.8,,0,0,0,35,47,26,290,280,16.1,18.1,,,,,,
12/2/2017,498,410,445,53,88,1,357,71.49%,19,Good,2.24,,0,0,0,31,42,22,260,20,6.9,8.9,,,,,,
12/3/2017,498,408,444,54,90,2,354,70.68%,20,Good,7.61,,0.18,1.9,0,35,39,27,330,340,21,25.9,1,,,,,
12/4/2017,498,424,444,54,74,1,370,74.1%,30,Great,9.4,,0.01,0.2,2,28,31,22,260,260,28,32,1,,,,,
12/5/2017,498,418,444,54,80,4,364,72.29%,22,Good,10.51,,0,0,1.2,29,34,21,260,250,23.9,32,,,,,,
12/6/2017,498,410,445,53,88,,357,71.69%,20,Good,2.01,,0,0,1.2,22,30,10,80,80,8.9,10.1,,,,,,
12/7/2017,498,415,442,56,83,3,359,71.49%,19,Good,1.12,,0,0,1.2,23,34,14,280,230,6,6,,,,,,
12/8/2017,498,416,443,55,82,2,361,72.09%,22,Good,2.24,,0,0,1.2,22,34,12,240,240,8.1,8.1,1,,,,1,
12/9/2017,498,431,442,56,67,,375,75.3%,27,Great,2.01,,0,0,1.2,20,35,11,260,240,6.9,6.9,1,1,,,1,
12/10/2017,498,420,443,55,78,3,365,72.69%,21,Good,2.91,,0,0,1.2,20,33,12,50,50,19.9,23,1,,,,1,
12/11/2017,498,415,444,54,83,6,361,71.29%,23,Great,1.12,,0,0,1.2,21,32,13,340,340,8.1,8.9,1,,,,,
12/12/2017,498,423,443,55,75,10,368,71.89%,21,Good,2.91,,0,0,1.2,19,32,8,30,20,15,19,1,1,,,1,
12/13/2017,498,425,440,58,73,4,367,72.89%,24,Great,2.24,,0.1,1,0,24,31,13,20,10,10.1,13,1,1,,,,
12/14/2017,498,432,439,59,66,6,373,73.69%,23,Great,3.36,1305,0,0,1.2,19,27,11,100,100,15,16.1,,,,,,
12/15/2017,498,424,439,59,74,8,365,71.69%,24,Great,3.13,2010,0,0,1.2,20,35,16,20,20,13,17,,,,,,
12/16/2017,498,421,438,60,77,6,361,71.29%,23,Great,5.37,2257,0.01,0,1.2,30,37,21,250,260,14.1,19,1,,,,,
12/17/2017,498,430,440,58,68,8,372,73.09%,24,Great,9.4,547,0,0,1.2,29,36,19,300,280,25.1,35.1,,,,,,
12/18/2017,498,416,440,58,82,4,358,71.08%,24,Great,8.05,1211,0,0,0,35,48,26,270,260,25.1,32,,,,,,
12/19/2017,498,411,438,60,87,2,351,70.08%,24,Great,2.24,1332,0.1,1.1,0,33,33,27,340,340,6.9,8.1,1,,,,,
12/20/2017,498,407,441,57,91,4,350,69.48%,16,OK,7.38,610,0.28,2.9,1.2,24,28,4,350,360,17,23,1,,,,1,
12/21/2017,498,409,442,56,89,2,353,70.48%,21,Good,0.89,1756,0,0,3.1,7,18,-4,280,280,6.9,6.9,,,,,,
12/22/2017,498,417,440,58,81,2,359,71.69%,23,Great,8.05,1519,0.18,1.5,3.9,16,21,9,310,270,14.1,16.1,1,,,,1,
12/23/2017,498,416,441,57,82,2,359,71.69%,24,Great,4.47,205,0.05,0.5,3.9,7,10,-3,260,270,10.1,13,1,,,,1,
12/24/2017,498,406,442,56,92,2,350,69.88%,14,Bad,2.01,2158,0,0,3.9,0,9,-10,40,40,8.1,8.9,,1,,,1,
12/25/2017,498,391,442,56,107,5,335,66.27%,19,Good,4.25,1718,0.06,0.5,3.9,3,10,-3,340,340,12.1,13,1,,,,1,
12/26/2017,498,395,442,56,103,8,339,66.47%,26,Great,2.01,738,0,0,3.9,3,8,-2,90,40,6,6.9,,,,,1,
12/27/2017,498,403,443,55,95,7,348,68.47%,14,Bad,1.34,2041,0.04,0.4,3.9,4,14,0,360,20,6.9,6.9,1,,,,1,
12/28/2017,498,411,444,54,87,10,357,69.68%,22,Good,2.01,2357,0.01,0.2,5.1,12,16,7,350,340,10.1,13,1,,,,,
12/29/2017,498,412,442,56,86,6,356,70.28%,16,OK,10.74,324,0.64,9,5.9,5,8,-5,340,340,21,25.1,,,,,,
12/30/2017,498,420,442,56,78,4,364,72.29%,11,Bad,7.38,1445,0.16,3.8,9.8,-4,2,-9,350,340,17,19.9,,,,,,
12/31/2017,498,428,443,55,70,2,373,74.5%,23,Great,0.89,42,0.01,0.2,9.8,-8,-3,-13,340,330,8.1,10.1,,,,,,
1/1/2018,498,440,444,54,58,5,386,76.51%,17,Great,1.12,,0,0,9.1,-5,3,-13,50,40,8.1,8.9,,,,,1,
1/2/2018,498,423,443,55,75,1,368,73.69%,24,Great,0.45,,0,0,9.1,-6,3,-17,90,90,6,6.9,1,,,,1,
1/3/2018,496,421,440,56,75,2,365,73.19%,17,Great,1.12,,0,0,9.1,1,14,-6,360,360,6.9,6.9,1,,,,1,
1/4/2018,496,425,440,56,71,,369,74.4%,22,Good,0.45,,0,0,9.1,4,12,-5,270,270,6.9,6.9,1,,,,1,
1/5/2018,496,428,439,57,68,1,371,74.6%,21,Good,1.12,,0,0,9.1,13,24,11,340,340,6.9,6.9,1,,,,1,
1/6/2018,496,415,438,58,81,2,357,71.57%,22,Good,7.61,,0,0,7.1,25,47,17,260,260,25.1,36.9,1,,,,1,
1/7/2018,496,425,441,55,71,3,370,73.99%,24,Great,5.82,,0,0,7.1,40,44,31,260,250,21.9,25.9,,,,,,
1/8/2018,496,443,441,55,53,14,388,75.4%,26,Great,2.01,,0,0,5.1,33,39,24,250,270,8.1,8.9,,,,,,
1/9/2018,495,442,438,57,53,16,385,74.55%,24,Great,2.91,,0,0,5.1,28,39,20,360,360,16.1,18.1,,,,,,
1/10/2018,495,436,439,56,59,15,380,73.74%,25,Great,7.16,,0.08,1.6,5.9,22,33,7,340,310,19.9,23,1,,,,1,
1/11/2018,495,424,438,57,71,12,367,71.72%,22,Good,1.79,,0.11,1.5,5.9,8,12,2,340,350,10.1,12.1,1,,,,1,
1/12/2018,495,429,438,57,66,10,372,73.13%,19,Good,2.01,,0.03,0.3,7.9,10,18,7,350,350,8.9,11,1,,,,,
1/13/2018,495,434,440,55,61,3,379,75.96%,28,Great,8.28,,0,0,7.9,26,45,16,250,270,29.1,36.9,1,,,1,,
1/14/2018,495,439,441,54,56,7,385,76.36%,21,Good,2.91,,0,0,5.9,32,34,20,260,260,10.1,10.1,,,,,,
1/15/2018,475,410,423,52,65,8,358,73.68%,25,Great,2.68,,0,0,5.1,30,31,14,270,270,8.1,8.9,,,,,,
1/16/2018,476,413,420,56,63,2,357,74.58%,20,Good,1.34,,0,0,5.1,14,24,3,160,260,6.9,8.1,1,1,,,,
1/17/2018,474,407,421,53,67,6,354,73.42%,22,Good,2.68,,0,0,5.1,17,29,9,230,350,8.9,12.1,1,,,,1,
1/18/2018,474,417,418,56,57,4,361,75.32%,20,Good,3.58,,0.1,0,5.1,27,44,18,320,270,16.1,17,1,,,,,
1/19/2018,474,418,419,55,56,3,363,75.95%,23,Great,6.71,,0.01,0,5.1,36,38,28,280,280,19.9,25.9,1,1,,,,
1/20/2018,474,423,419,55,51,9,368,75.74%,18,Good,5.59,,0,0,5.1,30,37,20,270,260,18.1,21.9,,,,,,
1/21/2018,475,423,421,54,52,5,369,76.63%,22,Good,2.01,,0,0,5.1,24,31,9,290,290,8.9,10.1,,,,,,
1/22/2018,475,423,421,54,52,13,369,74.95%,21,Good,4.47,,0,0,5.1,23,36,16,330,320,16.1,21,,,,,,
1/23/2018,475,418,420,55,57,18,363,72.63%,28,Great,7.16,,0,0,5.1,30,32,20,270,270,15,21,,,,,,
1/24/2018,474,415,419,55,59,15,360,72.78%,21,Good,7.38,,0,0,5.1,26,45,17,190,190,25.9,36,,,,,,
1/25/2018,474,414,416,58,60,6,356,73.84%,21,Good,7.16,,0,0,5.1,36,42,21,270,270,18.1,21.9,,,,,,
1/26/2018,474,412,418,56,62,3,356,74.47%,22,Good,5.59,,0,0,5.1,28,33,17,270,260,23,30,1,,,,1,
1/27/2018,474,407,418,56,67,3,351,73.42%,24,Great,2.01,,0,0,5.1,22,37,13,270,230,8.1,10.1,,,,,,
1/28/2018,474,415,421,53,59,,362,76.37%,26,Great,4.03,,0,0,5.1,30,38,23,10,280,16.1,21,,,,,,
1/29/2018,474,414,421,53,60,2,361,75.74%,24,Great,2.24,,0,0,5.1,31,42,24,240,250,13,15,,,,,,
1/30/2018,474,414,421,53,60,3,361,75.53%,27,Great,12.75,,0.01,0,3.1,38,51,30,250,240,32,42.1,1,,,,,
1/31/2018,474,400,422,52,74,2,348,73%,25,Great,13.65,,0,0,3.1,32,35,23,260,250,30,38,,,,,,
2/1/2018,474,398,423,51,76,2,347,72.78%,23,Great,3.8,,0,0,3.1,26,30,15,260,230,14.1,17,,,,,,
2/2/2018,474,399,422,52,75,2,347,72.78%,21,Good,7.38,,0,0,3.1,31,49,23,250,250,44.1,53.9,,,,,,
2/3/2018,474,393,423,51,81,2,342,71.73%,25,Great,12.97,,0.22,1.5,2,35,45,1,260,290,28,36,1,,,,,
2/4/2018,474,395,424,50,79,1,345,72.57%,23,Great,2.01,,0.16,2.5,3.1,5,19,0,280,290,14.1,18.1,1,,,1,1,
2/5/2018,474,404,424,50,70,1,354,74.47%,23,Great,6.04,,0.14,0.8,3.9,15,21,13,360,360,19.9,23,1,,,,,
2/6/2018,474,409,424,50,65,14,359,72.78%,27,Great,4.03,,0.08,0.8,3.9,17,25,10,350,340,16.1,19,1,,,,1,
2/7/2018,474,396,427,47,78,5,349,72.57%,24,Great,5.59,,0,0,3.9,21,46,16,270,260,21.9,28,,,,,,
2/8/2018,474,392,427,47,82,8,345,71.1%,23,Great,13.2,,0.05,0.5,2,39,48,4,260,300,30,40,1,,,,1,
2/9/2018,474,391,427,47,83,2,344,72.15%,19,Good,4.25,,0.19,2,3.1,5,9,1,280,270,14.1,16.1,1,,,,1,
2/10/2018,474,396,426,48,78,5,348,72.36%,24,Great,1.34,,0,0,3.1,4,14,-7,320,320,6.9,8.1,1,,,,1,
2/11/2018,474,401,427,47,73,2,354,74.26%,25,Great,8.05,,0.01,0.2,3.1,9,21,3,340,330,21.9,25.9,,,,,1,
2/12/2018,474,400,427,47,74,9,353,72.57%,23,Great,5.14,,0,0,2,4,12,-5,320,320,15,18.1,,,,,1,
2/13/2018,474,390,427,47,84,4,343,71.52%,17,Great,3.36,,0,0,2,5,29,-6,270,290,10.1,12.1,,,,,,
2/14/2018,474,383,430,44,91,5,339,70.46%,27,Great,7.16,,0.1,1.3,2,25,44,13,360,360,29.1,35.1,1,,,,,
2/15/2018,474,386,432,42,88,3,344,71.94%,19,Good,5.37,,0.03,0.4,3.1,16,20,2,330,340,16.1,19,1,,,,1,
2/16/2018,473,375,432,41,98,2,334,70.19%,25,Great,4.7,,0.01,0,2,13,31,4,260,260,21.9,25.9,1,,,,,
2/17/2018,472,380,429,43,92,,337,71.4%,22,Good,4.03,,0.01,0.5,2,25,30,12,330,330,21,27.1,1,,,,,
2/18/2018,471,394,426,45,77,1,349,73.89%,23,Great,11.63,,0.07,1.6,3.9,12,12,0,350,350,21,25.1,1,,,,1,
2/19/2018,471,380,426,45,91,3,335,70.49%,20,Good,5.82,,0.02,0.4,3.9,1,6,-6,310,310,13,14.1,1,,,,1,
2/20/2018,470,394,424,46,76,11,348,71.7%,14,Bad,2.24,,0,0,3.9,-4,8,-13,240,250,8.1,8.1,1,,,,1,
2/21/2018,470,405,425,45,65,12,360,74.04%,10,Bad,1.57,,0,0,3.9,0,15,-13,170,360,8.1,8.9,1,,,,1,
2/22/2018,470,402,425,45,68,10,357,73.83%,21,Good,5.59,,0,0,3.9,7,20,-3,290,320,15,17,1,,,,,
2/23/2018,470,390,424,46,80,7,344,71.7%,24,Great,5.37,,0,0,3.9,7,25,-5,280,280,23,29.1,,,,,,1
2/24/2018,470,387,424,46,83,4,341,71.7%,20,Good,7.83,,0,0,3.1,23,32,18,270,270,21.9,29.1,,,,,,
2/25/2018,470,396,425,45,74,4,351,73.83%,29,Great,12.75,,0,0,3.1,29,40,25,210,200,25.9,36,1,,,,,
2/26/2018,470,386,425,45,84,9,341,70.64%,22,Good,10.07,145,0,0,3.1,31,35,19,260,270,21,25.1,,,,,,
2/27/2018,470,389,424,46,81,3,343,72.34%,28,Great,10.07,805,0,0,3.1,24,31,19,250,240,23.9,33.1,,,,,,
2/28/2018,470,376,422,48,94,,328,69.79%,28,Great,4.03,1503,0,0,2,23,35,11,120,120,12.1,14.1,,,,,,
3/1/2018,470,367,421,49,103,2,318,67.23%,18,Good,4.92,,0,0,2,25,38,15,290,130,13,19.9,,,,,,
3/2/2018,470,366,423,47,104,4,319,67.02%,24,Great,6.04,,0.1,1.2,2,27,30,16,290,280,17,21,1,1,,,1,
3/3/2018,469,373,421,48,96,2,325,68.87%,24,Great,2.01,,0,1,3.9,20,25,13,260,350,8.1,11,1,1,,,1,
3/4/2018,469,379,420,49,90,1,330,70.15%,23,Great,6.26,,0.3,5.7,3.9,19,24,11,290,280,16.1,18.1,1,1,,,1,
3/5/2018,469,385,420,49,84,10,336,69.51%,21,Good,4.25,,0,0.2,7.1,17,36,9,310,320,28,36,1,,,,1,
3/6/2018,469,392,420,49,77,10,343,71%,28,Great,5.37,,0,0,5.9,30,36,15,260,250,13,16.1,,,,,,
3/7/2018,469,390,422,47,79,9,343,71.22%,21,Good,2.91,,0,0,5.9,23,39,8,310,310,8.1,8.9,,,,,,
3/8/2018,469,372,422,47,97,3,325,68.66%,21,Good,2.01,,0,0,3.9,29,42,22,260,320,10.1,11,1,,,,1,
3/9/2018,469,378,421,48,91,6,330,69.08%,19,Good,11.63,,0.02,0.2,3.9,39,48,31,290,270,28,35.1,1,,,,,
3/10/2018,470,387,420,50,83,5,337,70.64%,23,Great,5.59,,0,0,3.9,33,39,23,270,270,16.1,23,,,,,,
3/11/2018,470,387,421,49,83,1,338,71.7%,24,Great,1.79,,0,0,2,27,42,16,250,250,6.9,8.1,,,,,,
3/12/2018,470,385,417,53,85,2,332,70.21%,26,Great,1.12,,0,0,1.2,29,44,19,220,50,6,8.9,1,,,,,
3/13/2018,470,388,410,60,82,3,328,69.15%,27,Great,2.24,,0,0,1.2,30,44,18,260,260,8.1,8.1,1,,,,,
3/14/2018,470,386,411,59,84,3,327,68.94%,16,OK,3.8,,0.16,0,1.2,33,48,23,260,260,21.9,27.1,1,,,,,
3/15/2018,470,375,413,57,95,2,318,67.23%,23,Great,6.26,,0.38,0,0,39,44,31,260,260,21,25.9,1,1,,,,
3/16/2018,470,364,412,58,106,2,306,64.68%,21,Good,1.34,,0,0,0,35,47,26,80,230,8.1,10.1,,,,,,
3/17/2018,470,372,413,57,98,,315,67.02%,24,Great,5.82,,0.01,0,0,33,39,25,10,360,12.1,14.1,1,,,,1,
3/18/2018,469,400,415,54,69,,346,73.77%,22,Good,4.25,,0.11,1.4,1.2,33,38,31,280,280,13,15,1,,,,,
3/19/2018,469,406,415,54,63,4,352,74.2%,20,Good,6.26,,0,0,1.2,33,45,25,270,270,21.9,27.1,1,,,,,
3/20/2018,470,401,416,54,69,8,347,72.13%,27,Great,7.83,,0,0,0,36,46,24,270,250,23.9,32,,,,,1,
3/21/2018,470,403,414,56,67,12,347,71.28%,17,Great,1.12,,0,0,0,35,50,23,100,100,8.1,8.9,,,,,,
3/22/2018,470,406,414,56,64,8,350,72.77%,22,Good,2.91,,0,0,0,42,52,35,160,150,12.1,15,,,,,,
3/23/2018,470,405,415,55,65,5,350,73.4%,25,Great,11.18,,0,0,0,46,55,34,280,300,25.9,32,,,,,,
3/24/2018,470,405,415,55,65,7,350,72.98%,22,Good,6.93,,0,0,0,39,49,29,280,290,32,38.9,,,,,,
3/25/2018,470,406,417,53,64,4,353,74.26%,22,Good,2.91,,0,0,0,33,46,21,250,30,8.9,11,,,,,,
3/26/2018,470,400,417,53,70,4,347,72.98%,26,Great,11.86,,0,0,0,35,45,22,260,250,25.9,34,,,,,,
3/27/2018,470,395,416,54,75,2,341,72.13%,20,Good,11.63,,0,0,0,42,54,38,260,260,30,38.9,,,,,,
3/28/2018,469,384,415,54,85,3,330,69.72%,21,Good,14.54,,0.04,0,0,43,51,35,270,290,30,40,1,,,,,
3/29/2018,469,391,415,54,78,3,337,71.22%,25,Great,10.51,,0,0,0,41,52,31,270,280,25.1,34,,,,,,
3/30/2018,469,387,415,54,82,2,333,70.58%,24,Great,14.99,,0,0,0,46,58,16,280,280,40.9,53.9,,,,,1,
3/31/2018,469,393,415,54,76,1,339,72.07%,26,Great,7.38,,0.06,1,0,17,24,12,310,310,16.1,19,1,,,,1,
4/1/2018,469,388,418,51,81,,337,71.86%,19,Good,2.24,,0.08,0.3,0,22,40,14,270,110,6.9,10.1,1,1,,,,
4/2/2018,469,390,418,51,79,6,339,71%,22,Good,10.29,,0.12,1.5,0,27,33,13,310,320,25.9,30,1,1,,,1,
4/3/2018,469,395,418,51,74,21,344,68.87%,21,Good,3.8,,0,0,1.2,19,40,10,130,120,12.1,14.1,1,,,,,
4/4/2018,469,392,418,51,77,10,341,70.58%,22,Good,8.28,,0,0,0,38,51,27,250,260,23,32,,,,,,
4/5/2018,469,393,417,52,76,6,341,71.43%,22,Good,10.74,,0.18,1.5,1.2,32,41,18,360,350,21.9,27.1,1,,,,1,
4/6/2018,469,395,417,52,74,12,343,70.58%,20,Good,4.92,,0.17,1.5,3.1,20,29,14,300,320,12.1,14.1,1,,,,1,
4/7/2018,469,397,415,54,72,2,343,72.71%,23,Great,3.36,,0.06,0,1.2,26,43,20,270,280,23.9,31.1,1,,,,,
4/8/2018,469,405,415,54,64,3,351,74.2%,21,Good,10.96,,0,0,0,40,54,32,280,250,31.1,40.9,,,,,1,
4/9/2018,469,412,414,55,57,7,357,74.63%,24,Great,12.75,,0,0,0,46,57,38,260,280,28,34,,,,,,
4/10/2018,468,407,414,54,61,6,353,74.15%,28,Great,3.58,,0,0,0,44,57,29,250,280,15,18.1,,,,,,
4/11/2018,472,409,422,50,63,5,359,75%,25,Great,8.5,,0.05,0,0,49,59,37,250,260,21,25.1,,,,,,
4/12/2018,472,407,423,49,65,6,358,74.58%,21,Good,7.61,,0.44,1.3,0,40,41,31,270,250,25.1,33.1,1,1,,,1,
4/13/2018,472,406,423,49,66,2,357,75.21%,22,Good,15.43,,0,0,1.2,38,50,32,260,270,25.9,35.1,,,,,,
4/14/2018,472,412,422,50,60,5,362,75.64%,22,Good,6.49,,0,0,0,44,59,35,280,250,19.9,25.9,,,,,,
4/15/2018,491,433,442,49,58,2,384,77.8%,27,Great,4.7,,0.06,0,0,46,61,32,180,190,18.1,28,1,,,,,
4/16/2018,491,433,441,50,58,7,383,76.58%,21,Good,8.5,,0.23,0,0,46,51,37,270,270,23.9,29.1,1,,,,,
4/17/2018,492,443,440,52,49,22,391,75%,22,Good,12.3,,0,0,0,40,50,34,280,270,30,36.9,,,,,,
4/18/2018,492,443,441,51,49,12,392,77.24%,20,Good,4.7,,0,0,0,40,53,26,100,80,14.1,17,,,,,,
4/19/2018,492,437,441,51,55,13,386,75.81%,23,Great,5.59,,0,0,0,44,62,30,360,10,16.1,18.1,,,,,,
4/20/2018,492,418,441,51,74,5,367,73.58%,25,Great,5.37,,0,0,0,50,65,33,280,280,16.1,21,,,,,,
4/21/2018,491,428,439,52,63,4,376,75.76%,25,Great,8.95,,0,0,0,51,67,31,270,300,29.1,36,,,,,,
4/22/2018,491,427,439,52,64,5,375,75.36%,22,Good,7.61,,0,0,0,52,64,39,320,320,21,23.9,,,,,,
4/23/2018,491,429,439,52,62,5,377,75.76%,23,Great,7.83,,0.03,0,0,45,48,34,10,20,17,23,1,,,,,
4/24/2018,491,427,439,52,64,4,375,75.56%,19,Good,6.71,,0,0,0,42,62,27,100,80,19.9,25.1,,,,,,
4/25/2018,491,426,441,50,65,2,376,76.17%,23,Great,6.93,,0,0,0,48,67,33,10,20,23.9,31.1,,,,,,
4/26/2018,491,419,443,48,72,1,371,75.36%,26,Great,3.8,,0,0,0,49,72,32,90,110,13,16.1,,,,,,
4/27/2018,491,422,442,49,69,,373,75.97%,23,Great,5.14,,0,0,0,57,79,39,80,80,18.1,23,,,,,1,
4/28/2018,491,427,442,49,64,,378,76.99%,26,Great,9.62,,0,0,0,62,85,43,250,250,30,40,,,,,,
4/29/2018,491,419,445,46,72,2,373,75.56%,28,Great,10.74,,0.14,0,0,55,59,41,240,250,25.1,32,1,,,,,
4/30/2018,491,415,445,46,76,9,369,73.32%,20,Good,6.71,,0.05,0,0,44,53,39,290,330,14.1,19,,,,,,
5/1/2018,491,390,444,47,101,14,343,67.01%,19,Good,6.71,,0.12,0,0,47,56,38,340,330,23,29.1,,,,,,
5/2/2018,489,380,439,50,109,9,330,65.64%,22,Good,9.17,,0,0,0,48,62,36,290,300,23,31.1,,,,,,
5/3/2018,489,380,434,55,109,9,325,64.62%,19,Good,8.95,,0,0,0,56,71,43,280,290,23,28,,,,,,
5/4/2018,489,385,434,55,104,7,330,66.05%,23,Great,5.59,,0,0,0,59,77,42,290,260,21.9,30,,,,,,
5/5/2018,489,403,434,55,86,6,348,69.94%,24,Great,5.37,,0,0,0,61,72,50,240,240,25.1,32,,,,,1,
5/6/2018,489,410,435,54,79,6,356,71.57%,18,Good,6.49,,0.14,0,0,59,78,44,210,210,25.9,35.1,,,1,,,
5/7/2018,489,410,435,54,79,6,356,71.57%,19,Good,11.41,,0.03,0,0,58,65,43,300,260,23.9,30,,,,,,
5/8/2018,489,395,431,58,94,1,337,68.71%,19,Good,6.93,,0,0,0,59,77,44,280,280,17,23,,,,,,
5/9/2018,489,392,433,56,97,5,336,67.69%,29,Great,5.82,,0.53,0,0,60,71,45,260,270,36.9,45,1,,1,,,
5/10/2018,489,400,434,55,89,2,345,70.14%,17,Great,9.62,,0.29,0,0,57,66,46,250,260,29.1,36,1,,1,,,
5/11/2018,489,406,436,53,83,2,353,71.78%,21,Good,13.2,,0.3,0,0,46,48,41,340,330,21.9,28,1,,,,,
5/12/2018,489,401,436,53,88,4,348,70.35%,23,Great,5.82,,0,0,0,47,62,42,320,330,14.1,17,,,,,,
5/13/2018,489,408,437,52,81,3,356,72.19%,23,Great,5.82,,0,0,0,51,61,37,180,190,17,23,,,,,,
5/14/2018,489,415,437,52,74,7,363,72.8%,22,Good,2.91,,0.01,0,0,56,75,42,50,60,8.9,12.1,,,,,,
5/15/2018,489,418,437,52,71,22,366,70.35%,16,OK,4.92,,0,0,0,62,78,46,100,110,17,21,,,,,,
5/16/2018,489,415,437,52,74,20,363,70.14%,23,Great,5.14,,0.15,0,0,64,77,47,250,240,19.9,23.9,,,,,,
5/17/2018,488,408,436,52,80,10,356,70.9%,22,Good,9.4,,0,0,0,59,66,48,350,350,21,27.1,,,,,,
5/18/2018,488,400,436,52,88,6,348,70.08%,22,Good,10.96,,0.31,0,0,48,49,44,340,340,19.9,23,1,,,,,
5/19/2018,488,402,435,53,86,7,349,70.08%,22,Good,3.58,,0.08,0,0,47,58,44,340,50,8.1,11,1,,,,,
5/20/2018,488,399,435,53,89,5,346,69.88%,20,Good,4.03,,0,0,0,53,73,38,280,290,15,18.1,,,,,,
5/21/2018,488,411,435,53,77,9,358,71.52%,21,Good,3.8,,0,0,0,60,69,49,240,250,18.1,25.9,,,,,,
5/22/2018,488,421,434,54,67,4,367,74.39%,19,Good,4.25,,0,0,0,60,71,52,30,30,18.1,21,,,1,,,
5/23/2018,488,421,437,51,67,5,370,74.8%,24,Great,2.46,,0.01,0,0,58,67,47,60,60,13,15,,,,,,
5/24/2018,488,419,437,51,69,4,368,74.59%,24,Great,9.4,,0,0,0,62,77,48,290,270,25.9,33.1,,,,,,
5/25/2018,488,405,439,49,83,4,356,72.13%,22,Good,6.71,,0.02,0,0,67,81,50,160,150,28,35.1,,,1,,,
5/26/2018,488,401,439,49,87,5,352,71.11%,21,Good,6.93,,0,0,0,64,76,52,250,250,23,29.1,,,,,,
5/27/2018,487,408,440,47,79,7,361,72.69%,25,Great,6.26,,0,0,0,66,80,52,50,40,21,25.1,,,,,,
5/28/2018,487,408,440,47,79,3,361,73.51%,25,Great,5.59,,0,0,0,67,82,53,280,280,23,33.1,,,1,,,
5/29/2018,487,397,440,47,90,13,350,69.2%,19,Good,5.82,,0,0,0,66,80,50,130,20,14.1,18.1,,,,,,
5/30/2018,487,396,438,49,91,10,347,69.2%,22,Good,6.04,,0.32,0,0,66,76,53,270,300,21,30,,,1,,,
5/31/2018,487,397,437,50,90,7,347,69.82%,21,Good,7.38,,0.95,0,0,58,66,49,340,330,29.1,36,1,,1,,,
6/1/2018,486,384,435,51,102,4,333,67.7%,21,Good,10.74,,0.05,0,0,52,61,49,280,270,28,36.9,,,,,,
6/2/2018,486,395,431,55,91,4,340,69.14%,15,Bad,8.72,,0,0,0,57,75,44,280,290,19.9,25.9,,,,,,
6/3/2018,486,398,431,55,88,2,343,70.16%,22,Good,6.04,,0,0,0,64,81,48,100,100,18.1,23.9,,,1,,,
6/4/2018,486,391,431,55,95,3,336,68.52%,19,Good,8.28,,0,0,0,68,82,55,280,280,25.9,34,,,,,,
6/5/2018,487,382,430,57,105,2,325,66.32%,20,Good,7.61,,0,0,0,65,79,54,310,310,19.9,25.1,,,,,,
6/6/2018,487,401,430,57,86,1,344,70.43%,20,Good,3.8,,0,0,0,65,81,47,200,190,25.1,36.9,,,,,,
6/7/2018,487,395,424,63,92,2,332,67.76%,20,Good,8.5,,0.48,0,0,69,77,56,210,210,31.1,38,,,1,,,
6/8/2018,487,401,420,67,86,1,334,68.38%,19,Good,4.7,,0,0,0,64,80,50,180,170,18.1,23.9,,,,,,
6/9/2018,487,410,419,68,77,,342,70.23%,24,Great,8.95,,0,0,0,69,92,51,260,250,36.9,50.1,,,,,,
6/10/2018,487,405,423,64,82,,341,70.02%,23,Great,14.54,,0.2,0,0,56,60,46,260,240,32,38.9,1,,,,,
6/11/2018,487,400,423,64,87,4,336,68.17%,19,Good,13.42,,0,0,0,49,58,39,280,280,32,46.1,,,,,,
6/12/2018,486,395,420,66,91,12,329,65.23%,21,Good,10.96,,0,0,0,55,72,42,260,260,23.9,36,,,,,,
6/13/2018,486,401,420,66,85,10,335,66.87%,15,Bad,6.26,,0,0,0,61,86,40,330,330,21.9,28,,,,,,
6/14/2018,486,398,420,66,88,4,332,67.49%,17,Great,12.53,,0.01,0,0,68,72,52,260,280,29.1,36,,,,,,
6/15/2018,486,398,419,67,88,6,331,66.87%,19,Good,5.14,,0,0,0,59,70,49,180,190,16.1,21,,,,,,
6/16/2018,483,392,415,68,91,2,324,66.67%,17,Great,8.5,,0.73,0,0,55,57,49,350,350,15,19,1,,,,,
6/17/2018,483,386,418,65,97,7,321,65.01%,22,Good,7.61,,0,0,0,53,60,51,340,360,14.1,17,,,,,,
6/18/2018,483,384,418,65,99,9,319,64.18%,15,Bad,5.59,,0.87,0,0,56,62,53,340,240,13,14.1,1,,,,,
6/19/2018,483,392,418,65,91,9,327,65.84%,25,Great,7.61,,0.5,0,0,56,64,53,340,330,21,25.1,1,,,,,
6/20/2018,483,405,420,63,78,5,342,69.77%,11,Bad,4.7,,0.01,0,0,60,74,54,110,50,14.1,18.1,,,,,,
6/21/2018,483,392,420,63,91,,329,68.12%,18,Good,4.92,,0.26,0,0,64,73,53,250,250,19.9,25.1,,,1,,,
6/22/2018,483,387,420,63,96,2,324,66.67%,13,Bad,12.08,,0,0,0,66,79,61,270,270,25.1,31.1,,,,,,
6/23/2018,482,398,417,65,84,2,333,68.67%,22,Good,10.51,,0.06,0,0,64,67,53,260,270,25.9,36,,,,,,
6/24/2018,482,408,416,66,74,1,342,70.75%,21,Good,4.47,,0.02,0,0,60,75,54,110,100,12.1,15,1,,,,,
6/25/2018,481,407,419,62,74,12,345,69.23%,16,OK,5.82,,0.05,0,0,67,85,51,290,190,21,27.1,,,1,,,
6/26/2018,481,411,417,64,70,13,347,69.44%,18,Good,13.42,,0,0,0,68,75,56,290,290,25.1,34,,,,,,
6/27/2018,481,408,421,60,73,5,348,71.31%,21,Good,5.59,,0,0,0,64,82,43,130,110,13,16.1,,,,,,
6/28/2018,481,394,414,67,87,8,327,66.32%,17,Great,5.82,,0.11,0,0,69,81,51,350,340,18.1,23,1,,1,,,
6/29/2018,480,389,412,68,91,6,321,65.63%,20,Good,11.41,,0.01,0,0,60,69,55,290,280,28,36,,,,,,
6/30/2018,480,399,414,66,81,4,333,68.54%,26,Great,9.62,,0,0,0,62,75,50,260,300,23,31.1,,,,,,
7/1/2018,480,390,414,66,90,6,324,66.25%,17,Great,10.96,,0,0,0,65,76,56,240,260,23.9,35.1,,,,,,
7/2/2018,480,391,414,66,89,5,325,66.67%,19,Good,11.41,,0,0,0,66,74,55,300,280,29.1,35.1,,,,,,
7/3/2018,480,392,414,66,88,2,326,67.5%,24,Great,6.26,,0,0,0,56,61,46,80,80,21,23.9,,,,,,
7/4/2018,480,399,416,64,81,5,335,68.75%,17,Great,5.59,,0,0,0,55,78,39,350,360,14.1,18.1,,,,,,
7/5/2018,479,395,415,64,84,2,331,68.68%,22,Good,5.82,,0,0,0,67,91,49,120,120,17,21.9,,,,,,
7/6/2018,479,381,414,65,98,,316,65.97%,23,Great,3.58,,0,0,0,77,96,58,280,320,13,18.1,,,,,,
7/7/2018,479,390,410,69,89,1,321,66.81%,21,Good,8.28,,0,0,0,82,91,56,300,300,18.1,25.1,,,,,,
7/8/2018,479,398,413,66,81,,332,69.31%,21,Good,4.92,,0,0,0,73,89,53,250,100,13,15,,,,,,
7/9/2018,479,396,414,65,83,7,331,67.64%,23,Great,3.8,,0,0,0,75,96,57,80,10,14.1,17,,,,,,
7/10/2018,479,394,414,65,85,11,329,66.39%,17,Great,8.95,,0,0,0,79,94,62,290,280,30,38,,,,,,
7/11/2018,479,399,412,67,80,4,332,68.48%,19,Good,8.95,,0,0,0,73,85,59,260,250,16.1,21,,,,,,
7/12/2018,480,393,414,66,87,5,327,67.08%,19,Good,4.7,,0,0,0,73,90,58,270,280,13,16.1,,,,,,
7/13/2018,480,388,415,65,92,3,323,66.67%,20,Good,3.58,,0,0,0,76,95,57,290,290,14.1,16.1,,,,,1,
7/14/2018,479,385,414,65,94,3,320,66.18%,19,Good,10.96,,0,0,0,75,76,58,360,360,23.9,29.1,,,,,,
7/15/2018,479,395,415,64,84,2,331,68.68%,21,Good,4.92,,0,0,0,66,90,51,270,40,12.1,14.1,,,,,,
7/16/2018,479,402,415,64,77,2,338,70.15%,20,Good,3.8,,0,0,0,75,93,54,150,150,16.1,21,,,,,,
7/17/2018,478,396,415,63,82,7,333,68.2%,19,Good,4.25,,0,0,0,74,81,63,270,270,16.1,19.9,,,,,,
7/18/2018,478,390,413,65,88,2,325,67.57%,21,Good,7.16,,0,0,0,73,95,53,260,260,25.1,31.1,,,,,,
7/19/2018,479,388,418,62,92,3,326,67.29%,21,Good,5.14,,0,0,0,76,91,62,40,10,13,18.1,,,,,,
7/20/2018,478,392,416,63,87,3,329,68.06%,20,Good,4.92,,0,0,0,75,94,56,80,80,17,21.9,,,,,,
7/21/2018,477,388,414,64,90,2,324,67.36%,19,Good,6.71,,0,0,0,78,94,60,280,290,19.9,23.9,,,,,,
7/22/2018,477,398,416,62,80,2,336,69.87%,16,OK,8.5,,0,0,0,74,87,56,10,20,15,19,,,,,,
7/23/2018,477,402,416,62,76,8,340,69.46%,22,Good,4.25,,0,0,0,71,91,52,60,350,13,17,,,,,,
7/24/2018,477,412,411,67,66,10,345,70.08%,19,Good,6.26,,0,0,0,70,88,56,270,270,13,19.9,,,,,,
7/25/2018,477,410,412,66,68,15,344,68.83%,22,Good,7.61,,0,0,0,73,86,57,310,360,11,14.1,,,,,,
7/26/2018,477,407,408,70,71,8,337,68.83%,18,Good,8.5,,0,0,0,75,89,57,350,350,21,27.1,,,,,,
7/27/2018,478,403,409,70,76,9,333,67.64%,19,Good,7.83,,0.01,0,0,69,79,56,360,10,25.1,31.1,,,,,,
7/28/2018,479,405,410,70,75,5,335,68.75%,22,Good,5.82,,0,0,0,64,83,50,360,360,19.9,23.9,,,1,,,
7/29/2018,478,408,414,65,71,4,343,70.77%,24,Great,4.47,,0,0,0,69,86,52,50,40,12.1,15,,,,,,
7/30/2018,478,410,415,64,69,6,346,70.98%,15,Bad,4.7,,0,0,0,71,90,49,250,70,13,19,,,,,,
7/31/2018,478,405,416,63,74,5,342,70.35%,18,Good,4.92,,0,0,0,75,89,55,10,10,16.1,19,,,1,,,
8/1/2018,477,402,420,58,76,5,344,70.92%,18,Good,3.8,,0,0,0,76,96,58,280,280,15,21,,,,,1,
8/2/2018,477,386,420,58,92,5,328,67.57%,18,Good,5.82,,0,0,0,80,93,61,290,290,17,23,,,1,,1,
8/3/2018,477,385,418,60,93,3,325,67.36%,17,Great,9.4,,0,0,0,76,88,56,280,300,23,32,,,,,,
8/4/2018,477,394,418,60,84,4,334,69.04%,21,Good,8.05,,0,0,0,71,84,54,300,300,23.9,32,,,,,,
8/5/2018,477,405,419,59,73,2,346,71.97%,18,Good,7.38,,0,0,0,68,79,53,310,310,36,45,,,1,,,
8/6/2018,477,419,420,58,59,14,361,72.59%,20,Good,4.03,,0,0,0,64,86,48,70,50,15,19.9,,,,,,
8/7/2018,477,413,419,59,65,24,354,69.04%,17,Great,4.92,,0,0,0,72,90,53,280,280,18.1,23,,,,,,
8/8/2018,476,408,422,55,69,19,353,70.02%,13,Bad,3.36,,0,0,0,74,95,56,90,70,13,18.1,,,,,,
8/9/2018,476,397,422,55,80,12,342,69.18%,17,Great,3.36,,0,0,0,78,99,58,60,60,12.1,17,,,,,,
8/10/2018,497,413,441,57,85,7,356,70.08%,23,Great,3.36,,0,0,0,78,100,58,80,50,10.1,14.1,,,,,1,
8/11/2018,497,422,436,62,76,11,360,70.08%,22,Good,3.36,,0,0,0,78,98,59,20,20,21,25.9,,,1,,,
8/12/2018,497,429,438,60,69,5,369,73.09%,22,Good,9.62,,0,0,0,76,91,57,280,280,25.9,33.1,,,,,1,
8/13/2018,497,430,439,59,68,4,371,73.69%,20,Good,9.62,,0,0,0,69,78,56,350,350,16.1,21,,,,,,
8/14/2018,497,437,433,65,61,5,372,73.69%,21,Good,5.14,,0,0,0,68,88,52,20,20,15,18.1,,,,,,
8/15/2018,497,435,434,64,63,2,371,74.1%,12,Bad,4.7,,0,0,0,72,93,53,280,280,15,19.9,,,,,,
8/16/2018,498,432,431,68,67,4,364,72.14%,18,Good,2.68,,0,0,0,74,92,52,250,260,13,14.1,,,,,1,
8/17/2018,508,439,440,69,70,2,370,72.3%,19,Good,4.25,,0.05,0,0,76,91,57,230,210,30,40,,,1,,1,
8/18/2018,508,447,440,69,62,3,378,73.67%,20,Good,6.93,,0,0,0,70,81,60,270,270,18.1,23,,,,,1,
8/19/2018,508,451,441,68,58,1,383,75.05%,28,Great,6.04,,0,0,0,66,85,51,330,320,14.1,21,,,1,,1,
8/20/2018,508,449,441,68,60,7,381,73.48%,14,Bad,6.93,,0.27,0,0,60,63,49,340,340,19.9,23.9,1,,,,1,
8/21/2018,508,448,440,69,61,16,379,71.32%,18,Good,3.36,,0,0,0,53,62,50,120,120,8.9,12.1,,,,,,
8/22/2018,507,442,441,67,66,14,375,71.06%,20,Good,4.7,,0,0,0,59,76,45,280,270,21,28,,,,,,
8/23/2018,507,446,441,67,62,9,379,72.83%,19,Good,7.38,,0,0,0,69,85,54,260,270,23,31.1,,,,,1,
8/24/2018,507,447,440,68,61,7,379,73.23%,16,OK,6.93,,0,0,0,67,82,50,280,280,23,28,,,,,1,
8/25/2018,507,445,441,67,63,5,378,73.43%,29,Great,5.14,,0,0,0,63,80,46,270,40,12.1,15,1,,,,1,
8/26/2018,507,442,443,65,66,6,377,73.03%,20,Good,8.5,,0,0,0,65,68,54,300,290,19.9,25.9,,,,,,
8/27/2018,507,455,444,64,53,3,391,76.38%,16,OK,7.61,,0.08,0,0,53,54,46,330,350,21,25.9,1,,,,,
8/28/2018,507,456,440,68,52,4,388,75.59%,21,Good,7.61,,0,0,0,52,71,40,260,270,23,29.1,,,,,,
8/29/2018,508,459,443,66,50,5,393,76.23%,21,Good,4.47,,0,0,0,61,82,44,80,80,14.1,17,,,,,,
8/30/2018,508,452,443,66,57,2,386,75.44%,18,Good,8.05,,0,0,0,66,82,48,290,290,23.9,31.1,,,,,,
8/31/2018,508,437,443,66,72,2,371,72.5%,22,Good,11.18,,0,0,0,67,77,53,280,300,21.9,38,,,,,,
9/1/2018,509,434,443,67,76,1,367,71.76%,28,Great,6.93,,0,0,0,62,78,44,290,290,21,30,,,,,,
9/2/2018,508,434,442,67,75,,367,72.1%,25,Great,6.04,,0,0,0,63,82,43,290,290,23,29.1,,,,,,
9/3/2018,509,444,443,67,66,9,377,72.16%,21,Good,8.72,,0,0,0,64,85,44,350,350,30,40,,,,,,
9/4/2018,509,441,443,67,69,14,374,70.59%,16,OK,8.05,,0,0,0,58,71,46,350,350,14.1,17,,,,,,
9/5/2018,509,429,445,65,81,11,364,69.22%,18,Good,3.8,,0,0,0,59,82,44,250,250,10.1,12.1,,,,,,
9/6/2018,509,426,444,66,84,8,360,69.02%,18,Good,4.25,,0,0,0,67,88,48,270,330,16.1,23,,,,,,
9/7/2018,509,421,445,65,89,11,356,67.65%,19,Good,4.92,,0.01,0,0,72,88,54,210,180,23,36,,,1,,,
9/8/2018,509,423,447,63,87,5,360,69.61%,27,Great,8.05,,0,0,0,71,84,53,300,300,23.9,29.1,,,,,1,
9/9/2018,509,443,447,63,67,4,380,73.73%,21,Good,5.37,,0,0,0,69,80,57,90,100,16.1,19,,,,,1,
9/10/2018,510,443,446,65,68,5,378,72.99%,18,Good,5.82,,0,0,0,65,86,45,280,270,21,27.1,,,,,,
9/11/2018,510,439,444,67,72,3,372,72.21%,19,Good,6.26,,0,0,0,63,75,48,330,340,16.1,21,,,,,,
9/12/2018,510,438,444,67,73,11,371,70.45%,19,Good,7.16,,0,0,0,60,68,47,240,250,21,28,,,,,,
9/13/2018,510,434,446,65,77,3,369,71.62%,25,Great,4.92,,0.04,0,0,55,64,43,270,260,23,29.1,,,1,,,
9/14/2018,510,433,446,65,78,5,368,71.04%,21,Good,4.7,,0,0,0,50,70,35,70,120,13,17,,,,,,
9/15/2018,510,429,447,64,82,3,365,70.84%,24,Great,5.59,,0.27,0,0,56,72,44,340,330,19.9,23.9,1,,,,,
9/16/2018,510,438,448,63,73,1,375,73.19%,19,Good,4.7,,0,0,0,56,75,45,340,330,18.1,23,,,,,,
9/17/2018,510,436,448,63,75,10,373,71.04%,17,Great,4.47,,0,0,0,57,73,42,360,20,13,16.1,,,,,,
9/18/2018,510,437,447,64,74,9,373,71.23%,18,Good,6.04,,0,0,0,56,71,42,350,360,17,21.9,,,,,,
9/19/2018,510,432,448,63,79,4,369,71.43%,16,OK,6.71,,0.26,0,0,52,52,47,110,280,12.1,15,1,,,,,
9/20/2018,507,429,447,61,79,6,368,71.26%,21,Good,6.71,,0.01,0,0,53,66,43,260,250,25.9,34,,,,,,
9/21/2018,507,432,448,60,76,5,372,72.24%,18,Good,4.47,,0,0,0,51,73,37,90,100,13,16.1,,,,,,
9/22/2018,507,434,448,60,74,2,374,73.23%,28,Great,3.58,,0,0,0,58,78,43,330,320,21,25.9,,,,,,
9/23/2018,507,441,450,58,67,4,383,74.61%,17,Great,8.05,,0.05,0,0,59,65,50,300,310,18.1,21.9,,,,,,
9/24/2018,507,443,452,56,65,4,387,75.39%,20,Good,6.71,,0,0,0,51,59,40,260,260,23,29.1,,,,,,
9/25/2018,507,444,451,57,64,3,387,75.59%,16,OK,5.14,,0,0,0,49,65,35,300,300,21,27.1,,,,,,
9/26/2018,506,442,451,56,65,3,386,75.54%,12,Bad,8.28,,0,0,0,55,70,40,250,260,23,29.1,,,,,,
9/27/2018,506,445,450,57,62,1,388,76.33%,20,Good,10.51,,0.02,0,0,58,60,40,350,350,23.9,31.1,,,,,,
9/28/2018,506,442,446,61,65,,381,75.15%,12,Bad,5.37,,0.02,0,0,43,52,39,290,350,8.9,11,1,,,,,
9/29/2018,506,440,446,61,67,,379,74.75%,21,Good,9.4,,0,0,0,44,45,35,350,350,21,27.1,,,,,,
9/30/2018,506,442,448,59,65,1,383,75.35%,23,Great,4.47,,0.08,0,0,36,40,33,270,280,10.1,13,1,,,,,
10/1/2018,506,441,451,56,66,15,385,72.98%,16,OK,2.68,,0,0,0,42,64,33,230,310,8.9,10.1,1,,,,,
10/2/2018,506,439,449,58,68,15,381,72.19%,22,Good,3.58,,0.05,0,0,51,52,41,280,280,15,19,1,,,,,
10/3/2018,503,422,448,56,82,16,366,69.44%,12,Bad,8.05,,0.04,0,0,44,55,31,280,290,25.1,33.1,1,,,,,
10/4/2018,503,418,450,54,86,6,364,71.03%,18,Good,3.36,,0.04,0,0,38,44,31,240,280,14.1,19,1,,,,,
10/5/2018,504,418,451,54,87,6,364,70.89%,21,Good,8.95,,0,0,0,45,55,41,250,270,19.9,25.1,,,,,,
10/6/2018,504,419,450,55,86,6,364,70.89%,16,OK,3.8,,0.03,0,0,45,49,39,310,320,8.9,13,,,,,,
10/7/2018,504,434,451,54,71,9,380,73.47%,23,Great,4.47,,0,0,0,47,57,37,240,340,8.9,13,,,,,,
10/8/2018,504,451,452,53,54,6,398,77.62%,19,Good,4.92,,0,0,0,43,56,30,350,10,17,25.9,,,,,,
10/9/2018,504,448,451,54,57,4,394,77.23%,14,Bad,9.17,,0.3,0.2,0,37,38,32,360,350,16.1,19.9,1,,,,,
10/10/2018,504,452,449,56,53,2,396,78.02%,17,Great,7.16,,0,0.2,0,34,38,32,350,320,10.1,16.1,1,,,,,
10/11/2018,504,443,450,55,62,3,388,76.24%,18,Good,4.47,,0,0,0,38,51,33,260,250,17,21.9,,,,,,
10/12/2018,502,424,449,54,79,2,370,73.16%,25,Great,8.28,,0,0,0,47,60,40,320,310,28,33.1,,,,,,
10/13/2018,502,436,450,53,67,2,383,75.75%,25,Great,10.29,,0.06,0,0,38,41,29,350,330,23,31.1,1,,,,,
10/14/2018,502,440,453,50,63,3,390,76.94%,17,Great,7.38,,0,0,0,34,46,28,280,290,19.9,25.9,,,,,,
10/15/2018,502,436,455,48,67,9,388,75.35%,20,Good,4.7,,0,0,0,41,56,29,80,70,14.1,17,,,,,,
10/16/2018,502,436,453,50,67,26,386,71.57%,18,Good,2.46,,0,0,0,42,59,29,250,80,8.9,13,,,,,,
10/17/2018,501,428,452,50,74,15,378,72.31%,16,OK,1.12,,0,0,0,43,64,25,220,230,6.9,8.1,,,,,,
10/18/2018,501,428,452,50,74,12,378,72.91%,22,Good,2.01,,0,0,0,44,69,29,280,290,15,18.1,,,,,,
10/19/2018,501,420,451,51,82,5,369,72.51%,16,OK,2.24,,0,0,0,50,68,33,250,270,8.9,12.1,,,,,,
10/20/2018,501,430,451,51,72,7,379,74.1%,20,Good,2.68,,0,0,0,49,70,31,240,50,8.1,10.1,,,,,,
10/21/2018,501,435,451,51,67,7,384,75.1%,22,Good,3.36,,0,0,0,47,65,32,250,270,12.1,14.1,,,,,,
10/22/2018,501,429,452,50,73,6,379,74.3%,23,Great,1.34,,0,0,0,48,64,33,260,250,10.1,12.1,,,,,,
10/23/2018,501,433,450,52,69,9,381,74.1%,19,Good,1.12,,0,0,0,45,61,31,240,250,8.1,8.9,,,,,,
10/24/2018,501,436,451,51,66,6,385,75.5%,17,Great,4.47,,0,0,0,46,65,33,270,260,17,21,,,,,,
10/25/2018,501,443,452,50,59,7,393,76.89%,23,Great,10.07,,0,0,0,55,61,46,280,280,23.9,32,,,,,,
10/26/2018,501,428,450,52,74,6,376,73.71%,21,Good,8.5,,0,0,0,54,64,43,270,270,23,30,,,,,,
10/27/2018,527,451,475,53,77,5,398,74.43%,26,Great,9.62,,0,0,0,54,61,35,260,250,23.9,30,,,,,,
10/28/2018,527,455,475,53,73,8,402,74.62%,21,Good,5.37,,0.01,0,0,44,59,33,250,270,25.1,33.1,,,,,,
10/29/2018,527,470,473,55,58,12,415,76.33%,23,Great,9.62,,0,0,0,46,53,38,290,290,28,33.1,,,,,,
10/30/2018,521,443,468,54,79,23,389,70.11%,23,Great,10.74,,0,0,0,42,49,35,260,260,23.9,32,,,,,,
10/31/2018,521,441,468,54,81,11,387,72.03%,22,Good,4.92,,0,0,0,38,45,30,260,250,16.1,21,,,,,,
11/1/2018,502,418,471,32,85,8,386,75.15%,22,Good,8.28,,0,0,0,46,53,43,260,260,21,27.1,,,,,,
11/2/2018,501,422,471,31,80,9,391,76.1%,17,Great,13.87,,0.01,0,0,51,58,39,280,280,33.1,49,,,,,,
11/3/2018,501,420,472,30,82,7,390,76.29%,26,Great,6.93,,0.02,0,0,43,49,34,260,260,21,28,,,,,,
11/4/2018,501,416,473,29,86,9,387,75.3%,23,Great,11.86,,0,0,0,46,55,41,280,270,36,45,,,,,,
11/5/2018,501,423,473,29,79,10,394,76.49%,8,Bad,9.62,,0.01,0,0,44,48,31,280,290,23.9,29.1,,,,,,
11/6/2018,501,423,473,29,79,5,394,77.49%,22,Good,5.14,,0.05,0.4,0,32,34,25,320,320,14.1,17,1,1,,,1,
11/7/2018,501,428,475,27,74,6,401,78.69%,18,Good,6.71,,0.03,0.9,1.2,25,26,16,350,330,14.1,16.1,1,,,,1,
11/8/2018,501,417,475,27,85,3,390,77.09%,14,Bad,4.7,,0,0,1.2,20,38,10,280,280,19.9,25.1,1,,,,,
11/9/2018,501,416,475,27,86,1,389,77.29%,23,Great,3.58,,0,0,0,27,36,17,260,260,16.1,21,,,,,,
11/10/2018,501,405,476,26,97,3,379,74.9%,26,Great,7.16,,0,0,0,34,40,22,290,280,19.9,25.9,,,,,1,
11/11/2018,501,412,476,26,90,2,386,76.49%,19,Good,4.7,,0.01,0,0,26,34,19,340,340,17,23,1,,,,1,
11/12/2018,501,410,476,26,92,7,384,75.1%,21,Good,2.91,,0,0,0,24,35,12,100,100,14.1,17,,,,,,
11/13/2018,501,407,476,26,95,14,381,73.11%,21,Good,2.01,,0,0,0,26,43,17,260,260,8.9,10.1,,,,,,
11/14/2018,501,406,476,26,96,5,380,74.7%,17,Great,4.7,,0,0,0,31,51,19,280,270,17,21.9,,,,,,
11/15/2018,501,401,479,23,101,5,378,74.3%,18,Good,7.16,,0,0,0,47,53,41,280,260,17,21.9,,,,,,
11/16/2018,501,396,478,23,105,7,373,73.05%,20,Good,11.86,,0.01,0,0,40,50,18,360,360,35.1,40.9,,,,,,1
11/17/2018,501,394,476,25,107,1,369,73.45%,18,Good,4.25,,0,0,0,21,30,17,100,120,13,15,,,,,,
11/18/2018,500,403,475,25,97,2,378,75.2%,19,Good,4.25,,0,0,0,24,45,12,270,280,21.9,30,,,,,,
11/19/2018,500,400,477,23,100,6,377,74.2%,18,Good,1.34,,0,0,0,30,49,18,100,70,6.9,8.9,,,,,,
11/20/2018,500,403,477,23,97,11,380,73.8%,19,Good,1.34,,0,0,0,31,48,20,140,20,6.9,6.9,,,,,,
11/21/2018,500,405,478,22,95,7,383,75.2%,21,Good,2.01,,0,0,0,28,43,16,280,280,8.9,8.9,1,,,,,
11/22/2018,500,410,479,21,90,3,389,77.2%,19,Good,2.24,,0,0,0,31,41,23,340,170,10.1,12.1,,,,,,
11/23/2018,500,402,479,21,98,,381,76.2%,22,Good,5.59,,0.01,0.1,0,37,49,29,280,280,23.9,30,1,,,,1,
11/24/2018,500,410,479,21,90,,389,77.8%,17,Great,5.14,,0.05,0.5,0,33,34,25,340,340,18.1,21.9,1,,,,,
11/25/2018,500,422,481,19,78,,403,80.6%,23,Great,4.03,,0,0,0,31,41,18,260,270,16.1,21,,,,,,
11/26/2018,500,436,480,20,64,7,416,81.8%,17,Great,1.57,,0,0,0,27,40,19,250,270,6,8.9,,,,,,
11/27/2018,499,423,478,21,76,23,402,75.95%,26,Great,2.46,,0,0,0,33,46,29,260,290,14.1,18.1,,,,,,
11/28/2018,499,427,478,21,72,14,406,78.56%,19,Good,7.38,,0,0,0,40,47,30,250,180,18.1,30,,,,,,
11/29/2018,499,427,477,22,72,7,405,79.76%,25,Great,1.57,,0,0,0,33,44,22,250,250,8.9,10.1,,,,,,
11/30/2018,499,417,476,23,82,6,394,77.76%,16,OK,0.67,,0.02,0.1,0,25,32,15,80,50,6,6.9,1,,,,1,
12/1/2018,499,405,476,23,94,1,382,76.35%,21,Good,1.79,,0.02,0.3,0,29,36,20,270,270,8.1,10.1,1,1,,,,
12/2/2018,499,413,476,23,86,9,390,76.35%,19,Good,0.67,,0,0,0,26,30,22,30,40,4.9,6,,,,,,
12/3/2018,488,435,465,23,53,12,412,81.97%,17,Great,3.58,,0,0,0,27,31,26,280,260,13,18.1,1,,,,,
12/4/2018,488,427,466,22,61,4,405,82.17%,20,Good,11.18,,0,0,0,30,35,26,250,240,25.1,32,,,,,,
12/5/2018,488,421,465,23,67,3,398,80.94%,18,Good,5.37,,0.01,0.1,0,24,27,8,360,10,23,31.1,1,1,,,1,
12/6/2018,488,424,467,21,64,3,403,81.97%,13,Bad,0.22,,0,0,0,11,23,1,230,70,6.9,8.9,1,,,,,
12/7/2018,488,415,468,20,73,1,395,80.74%,19,Good,2.24,,0,0,0,11,25,1,250,260,6.9,8.1,,,,,,
12/8/2018,488,419,468,20,69,2,399,81.35%,28,Great,1.57,,0,0,0,16,36,5,340,310,6.9,8.9,,,,,,
12/9/2018,488,420,468,20,68,2,400,81.56%,24,Great,2.91,,0,0,0,22,34,13,270,270,8.9,12.1,,,,,,
12/10/2018,488,430,468,20,58,8,410,82.38%,17,Great,2.01,,0,0,0,24,38,15,250,220,14.1,23.9,,,,,,
12/11/2018,488,427,464,24,61,20,403,78.48%,16,OK,9.84,,0,0,0,35,43,30,190,180,25.9,38,,,,,,
12/12/2018,487,420,464,23,67,10,397,79.47%,25,Great,14.54,,0,0,0,40,44,32,270,270,44.1,53.9,,,,,,
12/13/2018,487,415,465,22,72,6,393,79.47%,25,Great,9.4,,0,0,0,35,44,27,180,190,23.9,31.1,,,,,,
12/14/2018,487,408,466,21,79,9,387,77.62%,23,Great,3.58,,0,0,0,34,41,23,70,80,14.1,16.1,,,,,,
12/15/2018,487,404,465,22,83,6,382,77.21%,22,Good,10.07,,0,0,0,38,48,21,260,270,29.1,38,,,,,,
12/16/2018,487,412,466,21,75,1,391,80.08%,21,Good,3.13,,0,0,0,30,46,19,310,270,8.9,11,,,,,,
12/17/2018,487,396,466,21,91,2,375,76.59%,23,Great,2.91,,0,0,0,35,44,24,250,,10.1,,,,,,,
12/18/2018,487,402,467,20,85,2,382,78.03%,19,Good,9.84,,0,0,0,37,50,23,250,270,36.9,46.1,,,,,,
12/19/2018,487,406,467,20,81,5,386,78.23%,20,Good,13.2,,0,0,0,42,44,34,270,270,36,49,,,,,,
12/20/2018,487,404,468,19,83,6,385,77.82%,23,Great,4.7,,0,0,0,36,47,29,190,210,16.1,23.9,,,,,,
12/21/2018,487,393,467,20,94,3,373,75.98%,20,Good,13.2,,0,0,0,35,45,28,250,250,25.9,38,,,,,,
12/22/2018,487,392,466,21,95,3,371,75.56%,25,Great,10.29,,0,0,0,31,35,16,270,260,23,30,,,,,,
12/23/2018,487,406,465,22,81,3,384,78.23%,15,Bad,3.8,,0,0,0,26,41,17,270,270,12.1,14.1,,,,,,
12/24/2018,487,389,465,22,98,6,367,74.13%,17,Great,2.68,,0.03,0.3,0,32,36,28,260,260,15,19,1,,,,,
12/25/2018,487,385,464,23,102,20,362,70.23%,18,Good,2.68,,0,0,0,28,30,25,240,240,8.1,10.1,1,,,,,
12/26/2018,487,387,465,22,100,8,365,73.31%,21,Good,2.91,,0,0,0,23,30,8,250,110,8.9,10.1,1,,,,,
12/27/2018,486,397,465,21,89,7,376,75.93%,20,Good,2.68,,0.03,0.3,0,23,29,21,350,340,13,16.1,1,,,,,
12/28/2018,486,402,464,22,84,5,380,77.16%,15,Bad,7.61,,0,0,0,23,31,19,260,270,23,30,,,,,,
12/29/2018,486,403,461,25,83,2,378,77.37%,16,OK,5.59,,0,0,0,26,45,23,260,250,23.9,34,1,,,,,
12/30/2018,486,410,462,24,76,4,386,78.6%,21,Good,15.21,,0.07,1,0,37,45,11,330,340,32,38.9,1,1,,,,1
12/31/2018,486,420,463,23,66,3,397,81.07%,16,OK,4.7,,0,0,1.2,13,15,-4,340,330,17,19.9,1,,,,1,
1/1/2019,486,414,464,22,72,1,392,80.45%,21,Good,2.91,,0.01,0,1.2,5,17,-6,100,100,14.1,17,1,,,,1,
1/2/2019,486,400,463,23,86,1,377,77.37%,21,Good,4.7,,0,0,1.2,19,36,12,120,120,18.1,21.9,,,,,,
1/3/2019,486,407,462,24,79,3,383,78.19%,18,Good,4.47,,0,0,1.2,29,37,22,270,250,8.9,11,,,,,,
1/4/2019,486,405,465,21,81,3,384,78.4%,20,Good,2.68,,0,0,1.2,31,40,21,330,330,10.1,13,,,,,1,
1/5/2019,486,408,466,20,78,2,388,79.42%,21,Good,1.34,,0,0,1.2,27,42,17,140,140,17,23,1,,,,,
1/6/2019,486,413,466,20,73,,393,80.86%,26,Great,10.74,,0,0,0,38,45,21,260,270,38,46.1,,,,,1,
1/7/2019,486,425,466,20,61,15,405,80.25%,23,Great,13.87,,0.02,0.5,0,29,36,22,260,260,40.9,55,1,,,,1,
1/8/2019,486,427,465,21,59,29,406,77.57%,23,Great,4.92,,0,0,0,28,32,15,230,230,25.1,31.1,,,,,,
1/9/2019,486,424,462,24,62,19,400,78.4%,24,Great,1.57,,0,0,0,25,37,19,250,250,8.9,11,,,,,,
1/10/2019,486,421,460,26,65,24,395,76.34%,22,Good,3.8,,0,0,0,30,49,19,270,270,18.1,23,,,,,,
1/11/2019,486,419,459,27,67,10,392,78.6%,21,Good,2.01,,0,0,0,31,42,19,250,250,8.1,8.9,1,,,,,
1/12/2019,486,417,462,24,69,7,393,79.42%,22,Good,0.45,,0,0,0,23,35,10,210,340,4.9,4.9,1,1,,,,
1/13/2019,486,429,463,23,57,2,406,83.13%,26,Great,0.67,,0,0,0,19,32,9,160,360,4.9,6,1,1,,,1,
1/14/2019,486,431,463,23,55,13,408,81.28%,21,Good,1.12,,0,0,0,17,29,4,150,310,6,6,1,,,,,
1/15/2019,486,430,458,28,56,8,402,81.07%,25,Great,0.89,,0,0,0,14,23,3,350,360,6,6.9,1,,,,1,
1/16/2019,486,433,457,29,53,6,404,81.89%,17,Great,1.12,,0,0,0,19,31,9,290,290,6.9,6.9,1,,,,1,
1/17/2019,486,429,458,28,57,5,401,81.48%,26,Great,5.14,,0.13,1.5,2,23,27,18,290,270,12.1,13,1,1,,,1,
1/18/2019,486,421,460,26,65,5,395,80.25%,25,Great,3.8,,0,0.7,2,23,45,16,270,280,21.9,28,1,,,,1,
1/19/2019,486,406,460,26,80,2,380,77.78%,24,Great,7.83,,0,0,1.2,31,43,20,250,260,25.9,35.1,,,,,,
1/20/2019,486,415,463,23,71,1,392,80.45%,22,Good,3.36,,0.03,0.7,0,35,40,26,270,270,16.1,19.9,1,,,,,
1/21/2019,486,425,463,23,61,10,402,80.66%,20,Good,6.04,,0.01,0,1.2,31,33,20,320,320,17,19.9,1,,,,,
1/22/2019,486,425,464,22,61,30,403,76.75%,26,Great,6.71,,0,0,0,23,34,9,250,260,23,31.1,,,,,,
1/23/2019,486,423,465,21,63,11,402,80.45%,18,Good,6.04,,0.17,4.1,3.9,30,33,15,330,320,16.1,21,1,,,,,
1/24/2019,486,430,465,21,56,12,409,81.69%,16,OK,2.46,,0,0,3.9,17,31,7,290,290,13,15,1,,,,,
1/25/2019,486,421,466,20,65,14,401,79.63%,28,Great,5.14,,0,0,3.9,25,36,17,260,250,18.1,25.1,,,,,,
1/26/2019,486,417,466,20,69,8,397,80.04%,17,Great,15.21,,0,0,2,36,47,35,280,280,30,38.9,,,,,,
1/27/2019,486,428,466,20,58,7,408,82.51%,25,Great,10.51,,0.1,1,0,40,50,28,330,320,38,52.1,1,,,,,
1/28/2019,486,417,466,20,69,6,397,80.45%,27,Great,5.82,,0,0,1.2,25,28,10,340,350,25.1,30,1,,,,,
1/29/2019,486,417,464,22,69,6,395,80.04%,21,Good,2.01,,0,0,1.2,12,23,0,100,90,6.9,8.1,1,,,,1,
1/30/2019,486,418,465,21,68,6,397,80.45%,7,Bad,1.12,,0,0,1.2,10,24,0,30,30,6.9,8.1,1,,,,1,
1/31/2019,486,421,465,21,65,6,400,81.07%,12,Bad,1.57,,0,0,1.2,21,43,9,240,30,8.9,11,,,,,,
2/1/2019,486,401,465,21,85,7,380,76.75%,24,Great,4.03,,0,0,0,33,48,26,180,180,21,29.1,,,,1,,
2/2/2019,486,403,462,24,83,3,379,77.37%,21,Good,9.4,,0,0.2,0,43,49,14,180,200,25.9,35.1,1,,,,,
2/3/2019,485,400,462,23,85,3,377,77.11%,20,Good,11.41,,0.49,4.2,3.9,11,14,-7,310,310,21.9,25.9,1,,,,1,
2/4/2019,485,414,462,23,71,3,391,80%,21,Good,7.61,,0.15,1.2,3.9,-7,-3,-10,320,280,12.1,13,,,,,1,
2/5/2019,489,428,463,26,61,8,402,80.57%,17,Great,6.71,,0.17,1,5.1,-6,2,-8,290,290,13,15,1,,,,1,
2/6/2019,489,418,463,26,71,11,392,77.91%,24,Great,7.38,,0.05,1.1,5.9,-2,3,-4,270,270,14.1,16.1,1,,,,1,
2/7/2019,489,404,462,27,85,12,377,74.64%,13,Bad,1.34,,0,0,7.1,-7,2,-20,310,300,6.9,8.1,1,,,,1,
2/8/2019,506,418,479,27,88,8,391,75.69%,16,OK,5.59,,0.06,2,5.9,0,10,-7,310,320,18.1,21.9,1,,,,,1
2/9/2019,506,423,477,29,83,2,394,77.47%,16,OK,10.74,,0.01,0,7.1,-5,-3,-12,320,310,18.1,23.9,,,,,1,
2/10/2019,506,432,479,27,74,5,405,79.05%,15,Bad,2.24,,0.03,0.5,5.1,-10,0,-15,280,280,8.1,8.9,1,,,,1,
2/11/2019,506,440,479,27,66,4,413,80.83%,17,Great,1.57,,0.01,0.1,5.9,-2,11,-11,340,330,6.9,8.1,1,,,,1,
2/12/2019,506,444,480,26,62,4,418,81.82%,23,Great,1.12,,0,0,5.1,10,30,2,280,280,10.1,13,1,,,,1,
2/13/2019,506,442,481,25,64,5,417,81.42%,15,Bad,2.68,,0.02,0.5,5.1,27,41,13,230,,8.1,,1,,,,1,
2/14/2019,506,431,484,22,75,4,409,80.04%,16,OK,2.24,,0.12,2,5.9,16,22,7,350,340,8.9,11,1,,,,1,
2/15/2019,506,414,487,19,92,2,395,77.67%,21,Good,2.91,,0.09,1.6,7.9,16,33,11,250,240,18.1,25.1,1,,,,1,
2/16/2019,506,422,485,21,84,1,401,79.05%,28,Great,9.62,,0,0,7.9,24,33,8,250,230,21,25.1,,,,,1,
2/17/2019,506,424,485,21,82,3,403,79.05%,20,Good,12.08,,0,0,7.9,7,9,-2,340,320,19.9,23.9,,,,,1,
2/18/2019,506,430,486,20,76,13,410,78.46%,17,Great,2.01,,0,0,7.9,-1,7,-9,250,260,8.1,10.1,1,,,,1,
2/19/2019,512,442,488,24,70,14,418,78.91%,13,Bad,1.79,,0,0,7.1,-1,16,-13,290,290,8.9,10.1,1,,,,1,
2/20/2019,512,449,488,24,63,11,425,80.86%,25,Great,2.68,,0,0,7.1,11,28,3,270,280,14.1,17,1,,,,1,
2/21/2019,511,445,488,23,66,9,422,80.82%,23,Great,6.04,,0,0,7.1,16,19,-2,300,300,16.1,19.9,,,,,1,
2/22/2019,511,442,489,22,69,5,420,81.21%,23,Great,1.79,,0,0,7.1,1,14,-12,280,330,6.9,8.1,1,,,,1,
2/23/2019,511,438,487,24,73,8,414,79.45%,21,Good,6.93,,0.01,0.1,5.9,10,17,1,350,350,19.9,23.9,,,,,1,
2/24/2019,511,431,490,21,80,5,410,79.26%,23,Great,9.17,,0.31,3.3,9.1,4,4,-4,330,320,16.1,19,,,,,1,
2/25/2019,511,433,490,21,78,4,412,79.84%,15,Bad,8.72,,0.41,4.6,11.8,-3,-2,-8,310,310,15,17,,,,,1,
2/26/2019,511,436,491,20,75,8,416,79.84%,11,Bad,6.93,,0.11,1,13,-6,2,-12,300,300,15,17,,,,,1,
2/27/2019,511,443,492,19,68,4,424,82.19%,16,OK,1.34,,0.25,3.3,14.2,1,8,-1,280,290,6.9,6.9,1,,,,1,
2/28/2019,511,422,491,20,89,2,402,78.28%,14,Bad,2.01,,0.01,0.1,14.2,9,20,3,260,280,8.1,10.1,1,,,,1,
3/1/2019,511,432,492,19,79,3,413,80.23%,19,Good,8.28,,0.02,0.3,14.2,7,16,-9,340,350,21,25.1,1,1,,,1,
3/2/2019,510,430,492,18,80,,412,80.78%,11,Bad,9.84,,0.04,0.4,13,-3,1,-9,350,350,16.1,19,,,,,1,
3/3/2019,510,426,491,19,84,1,407,79.61%,12,Bad,3.36,,0,0,13,-7,1,-18,300,270,8.9,11,,,,,,
3/4/2019,510,432,491,19,78,19,413,77.25%,8,Bad,1.12,,0,0,11.8,-17,-7,-30,140,320,6,8.1,1,,,,1,
3/5/2019,494,424,473,21,70,6,403,80.36%,8,Bad,1.12,,0,0,11.8,-15,2,-27,40,30,6.9,8.1,1,,,,1,
3/6/2019,494,412,473,21,82,10,391,77.13%,19,Good,1.12,,0.15,2.1,11.8,2,19,-5,270,270,6,6,1,,,,1,
3/7/2019,494,406,474,20,88,5,386,77.13%,15,Bad,2.01,,0.01,0.2,14.2,12,26,7,260,270,12.1,17,1,,,,1,
3/8/2019,494,417,474,20,77,6,397,79.15%,19,Good,2.01,,0,0,13,13,28,-2,240,230,6.9,12.1,1,,,,1,
3/9/2019,494,410,474,20,84,10,390,76.92%,18,Good,2.24,,0,0,11.8,18,29,6,280,290,8.9,10.1,1,,,,1,
3/10/2019,493,415,474,19,78,8,396,78.7%,20,Good,1.34,,0,0,11.8,9,23,-6,290,290,6,6.9,1,1,,,1,
3/11/2019,493,407,474,19,86,7,388,77.28%,19,Good,4.25,,0,0,11.8,12,30,-6,290,280,8.9,11,1,,,,1,
3/12/2019,493,405,474,19,88,4,386,77.48%,15,Bad,2.01,,0,0,11.8,19,35,2,230,230,8.9,12.1,,,,,,
3/13/2019,493,409,474,19,84,2,390,78.7%,17,Great,10.07,,0.15,4,16.1,30,33,21,330,330,19.9,23,1,,,,,
3/14/2019,493,415,473,20,78,5,395,79.11%,22,Good,4.92,,0,0,15,28,38,19,260,270,17,23,,,,,,
3/15/2019,493,407,472,21,86,5,386,77.28%,19,Good,2.68,,0,0,14.2,26,39,15,90,80,13,14.1,,,,,,
3/16/2019,492,409,470,22,83,4,387,77.85%,22,Good,2.46,,0,0,11.8,27,38,16,300,290,8.1,8.9,,,,,,
3/17/2019,492,411,470,22,81,2,389,78.66%,17,Great,1.12,,0,0,11,27,38,15,30,30,6.9,6.9,1,,,,1,
3/18/2019,492,394,470,22,98,11,372,73.37%,25,Great,1.12,,0,0,11,25,40,9,290,100,6,6.9,1,1,,,1,
3/19/2019,492,414,471,21,78,23,393,75.2%,19,Good,0.67,,0,0,11,24,38,10,290,290,6.9,6.9,1,1,,,1,
3/20/2019,487,411,463,24,76,18,387,75.77%,18,Good,0.89,,0,0,9.8,26,40,13,260,260,6,6.9,1,1,,,1,
3/21/2019,487,403,461,26,84,6,377,76.18%,28,Great,1.57,,0,0,9.8,27,41,14,30,360,6,6.9,1,1,,,1,
3/22/2019,487,402,460,27,85,7,375,75.56%,18,Good,2.01,,0,0,9.1,30,43,15,270,300,6.9,6.9,1,1,,,1,
3/23/2019,487,399,460,27,88,9,372,74.54%,18,Good,1.12,,0,0,7.9,34,52,23,60,350,6.9,8.1,1,,,,1,
3/24/2019,487,406,460,27,81,1,379,77.62%,18,Good,5.14,,0,0,5.9,37,42,28,310,300,13,15,1,,,,1,
3/25/2019,487,405,460,27,82,7,378,76.18%,20,Good,1.79,,0,0,3.9,38,50,32,260,360,8.1,10.1,,,,,,
3/26/2019,487,404,459,28,83,6,376,75.98%,8,Bad,5.14,,0,0,2,39,48,31,260,270,19.9,25.1,,,,,,
3/27/2019,487,407,459,28,80,3,379,77.21%,24,Great,5.37,,0.33,1.7,0,39,42,33,260,310,12.1,14.1,1,,,,,
3/28/2019,487,410,460,27,77,5,383,77.62%,22,Good,5.37,,0.3,0.5,2,34,36,33,350,250,8.9,12.1,1,,,,1,
3/29/2019,487,415,459,28,72,3,387,78.85%,17,Great,6.93,,0,0,2,36,41,33,320,340,14.1,17,1,,,,,
3/30/2019,487,409,458,29,78,4,380,77.21%,25,Great,4.03,,0,0,1.2,35,45,25,110,110,13,14.1,,,,,,
3/31/2019,487,415,460,27,72,5,388,78.64%,22,Good,3.58,,0,0,0,35,48,24,350,350,13,16.1,,,,,,
4/1/2019,487,418,463,24,69,6,394,79.67%,21,Good,4.7,,0.01,0,0,38,48,29,20,20,14.1,17,,,,,,
4/2/2019,487,415,462,25,72,9,390,78.23%,19,Good,4.03,,0,0,0,37,52,24,110,90,10.1,17,,,,,,
4/3/2019,487,409,462,25,78,11,384,76.59%,24,Great,4.7,,0,0,0,41,60,28,310,300,19.9,23,,,,,,
4/4/2019,487,404,464,23,83,11,381,75.98%,18,Good,6.26,,0,0,0,49,60,40,300,270,15,19,,,,,,
4/5/2019,487,402,464,23,85,7,379,76.39%,26,Great,3.8,,0,0,0,49,59,37,100,100,17,21,1,,,,1,
4/6/2019,486,402,463,23,84,8,379,76.34%,18,Good,10.51,,0,0,0,47,56,36,280,270,32,38.9,1,,,,1,
4/7/2019,486,404,464,22,82,12,382,76.13%,25,Great,8.5,,0,0,0,47,63,35,250,230,30,38.9,,,,,,
4/8/2019,486,418,465,21,68,5,397,80.66%,21,Good,4.47,,0.17,0,0,47,54,39,110,120,12.1,15,1,,,,,
4/9/2019,487,424,465,22,63,3,402,81.93%,20,Good,7.61,,0.23,0,0,46,52,39,280,280,25.1,31.1,1,,,,,
4/10/2019,487,433,465,22,54,5,411,83.37%,22,Good,6.26,,0.13,0,0,40,47,35,360,360,16.1,21,1,,,,,
4/11/2019,487,419,465,22,68,4,397,80.7%,21,Good,8.72,,0,0,0,41,53,33,320,270,19.9,25.1,,,,,,
4/12/2019,487,407,466,21,80,4,386,78.44%,18,Good,5.37,,0.01,0,0,40,47,30,330,330,18.1,21,1,,,,,
4/13/2019,487,408,469,18,79,3,390,79.47%,25,Great,6.49,,0,0,0,38,56,27,270,220,19.9,25.1,1,1,,,,
4/14/2019,487,416,470,17,71,3,399,81.31%,24,Great,12.75,,0,0,0,48,53,37,270,260,32,44.1,,,,,,
4/15/2019,487,410,470,17,77,4,393,79.88%,17,Great,9.4,,0,0,0,42,55,34,300,280,19.9,28,,,,,,
4/16/2019,487,411,469,18,76,14,393,77.82%,17,Great,6.04,,0.18,0,0,41,53,33,270,270,21,25.1,1,,,,1,
4/17/2019,487,407,468,19,80,6,388,78.44%,29,Great,15.43,,0,0,0,48,58,43,300,310,33.1,45,,,,,,
4/18/2019,486,406,468,18,80,8,388,78.19%,16,OK,13.2,,0,0,0,53,69,42,270,260,23.9,32,,,,,,
4/19/2019,486,403,468,18,83,6,385,77.98%,25,Great,6.26,,0,0,0,62,77,48,220,220,25.1,33.1,,,,,,
4/20/2019,487,391,469,18,96,2,373,76.18%,20,Good,7.83,,0.35,0,0,54,56,42,330,340,16.1,19,1,,,,,
4/21/2019,487,393,469,18,94,2,375,76.59%,24,Great,8.5,,0.11,0,0,45,50,39,340,340,17,19.9,1,,,,,
4/22/2019,487,394,469,18,93,6,376,75.98%,22,Good,5.14,,0,0,0,46,66,33,280,290,17,21,,,,,,
4/23/2019,487,391,467,20,96,6,371,74.95%,20,Good,6.26,,0,0,0,58,66,47,290,270,19.9,25.9,,,,,,
4/24/2019,487,403,467,20,84,5,383,77.62%,23,Great,12.75,,0.01,0,0,56,65,47,270,270,31.1,38.9,,,,,,
4/25/2019,487,397,466,21,90,4,376,76.39%,28,Great,6.49,,0,0,0,50,61,35,330,90,17,23,,,,,,
4/26/2019,490,407,469,21,83,2,386,78.37%,25,Great,8.28,,0,0,0,49,56,42,260,250,25.9,33.1,,,,,,
4/27/2019,490,390,468,22,100,4,368,74.29%,15,Bad,12.75,,0,0,0,46,60,33,280,280,31.1,38,,,,,,
4/28/2019,490,403,469,21,87,3,382,77.35%,21,Good,14.76,,0.06,0.6,0,34,36,25,350,350,32,38.9,1,1,,,1,
4/29/2019,490,403,470,20,87,4,383,77.35%,25,Great,5.82,,0,0,0,30,43,20,360,10,16.1,21.9,,,,,,
4/30/2019,490,409,470,20,81,21,389,75.1%,18,Good,8.05,,0,0,0,35,45,27,360,360,17,21.9,,,,,,
5/1/2019,490,404,467,23,86,7,381,76.33%,22,Good,5.82,,0,0,0,37,54,22,270,270,21.9,30,,,,,,
5/2/2019,490,389,465,25,101,3,364,73.67%,21,Good,9.17,,0,0,0,44,55,32,240,290,28,35.1,,,,,,
5/3/2019,491,387,466,25,104,6,362,72.51%,28,Great,7.83,,0,0,0,47,66,27,260,260,23.9,31.1,,,,,,
5/4/2019,491,390,466,25,101,1,365,74.13%,19,Good,7.16,,0,0,0,55,71,39,320,330,23,29.1,,,,,,
5/5/2019,491,393,467,24,98,2,369,74.75%,24,Great,10.07,,0.04,0,0,46,51,36,270,280,17,21.9,1,,,,,
5/6/2019,491,404,468,23,87,5,381,76.58%,20,Good,6.49,,0,0,0,44,59,37,330,320,15,19,,,,,,
5/7/2019,491,410,468,23,81,4,387,78%,23,Great,7.38,,0,0,0,49,65,37,350,300,23.9,32,,,,,1,
5/8/2019,491,410,470,21,81,6,389,78%,24,Great,7.61,,0.01,0,0,50,57,42,20,20,23.9,27.1,,,,,,
5/9/2019,520,423,498,22,97,2,401,76.73%,22,Good,4.7,,0.04,0,0,47,59,40,20,360,13,16.1,1,,,,,
5/10/2019,520,416,496,24,104,2,392,75%,20,Good,4.25,,0,0,0,49,65,34,10,30,19.9,23.9,,,,,,
5/11/2019,520,428,496,24,92,1,404,77.5%,23,Great,4.03,,0,0,0,55,77,39,290,290,14.1,18.1,,,,,,
5/12/2019,520,434,497,23,86,1,411,78.85%,18,Good,7.83,,0,0,0,63,80,45,280,280,21.9,27.1,,,,,,
5/13/2019,520,443,499,21,77,11,422,79.04%,20,Good,8.95,,0,0,0,67,83,53,290,270,25.1,34,,,,,,
5/14/2019,520,438,498,22,82,13,416,77.5%,19,Good,5.59,,0,0,0,65,81,47,260,250,18.1,27.1,,,,,,
5/15/2019,519,440,497,22,79,7,418,79.19%,25,Great,7.61,,0.1,0,0,67,74,53,270,270,19.9,23.9,1,,,,,
5/16/2019,519,428,497,22,91,5,406,77.26%,19,Good,8.05,,0.03,0,0,55,58,48,330,330,16.1,19.9,1,,,,,
5/17/2019,519,415,493,26,104,6,389,73.8%,19,Good,8.28,,0.6,0,0,47,49,39,330,350,14.1,17,1,,,,,
5/18/2019,519,423,495,24,96,13,399,74.37%,24,Great,7.83,,0.03,0,0,42,48,40,10,10,15,18.1,,,,,,
5/19/2019,519,435,495,24,84,4,411,78.42%,23,Great,7.83,,0,0,0,42,47,36,80,80,18.1,21.9,,,,,,
5/20/2019,519,434,495,24,85,2,410,78.61%,18,Good,5.82,,0,0,0,44,50,40,360,360,16.1,19,,,,,,
5/21/2019,519,444,494,25,75,2,419,80.35%,26,Great,8.05,,0.07,0,0,46,52,42,20,10,21.9,25.9,,,,,,
5/22/2019,519,439,493,26,80,7,413,78.23%,24,Great,8.05,,0.02,0,0,47,62,40,30,30,19.9,23,,,,,,
5/23/2019,519,424,495,24,95,3,400,76.49%,18,Good,4.7,,0,0,0,52,64,38,100,100,16.1,21,,,,,,
5/24/2019,519,412,494,25,107,3,387,73.99%,22,Good,4.47,,0.14,0,0,52,64,43,310,310,21.9,27.1,1,,,,,
5/25/2019,518,421,493,25,97,2,396,76.06%,24,Great,6.71,,0.39,0,0,54,64,47,310,310,19.9,23.9,1,,,,,
5/26/2019,518,417,495,23,101,1,394,75.87%,23,Great,8.5,,0.96,0,0,53,60,48,360,10,23.9,32,1,,1,,,
5/27/2019,518,430,497,21,88,8,409,77.41%,19,Good,8.28,,0.01,0,0,50,53,48,340,350,18.1,23,1,,,,,
5/28/2019,518,425,495,23,93,22,402,73.36%,17,Great,6.71,,0,0,0,54,69,46,350,350,14.1,18.1,,,,,,
5/29/2019,518,426,496,22,92,11,404,75.87%,18,Good,5.82,,0,0,0,57,74,41,80,50,15,19.9,,,,,,
5/30/2019,519,431,498,21,88,15,410,76.11%,21,Good,4.7,,0,0,0,62,80,45,340,330,23,29.1,,,1,,1,
5/31/2019,519,421,497,22,98,14,399,74.18%,15,Bad,5.59,,0,0,0,63,74,53,310,300,15,23,,,,,1,
